Artist and Title,Streams,Daily
Alex Warren - Ordinary,1757840373,2965227.0
Bad Bunny - DtMF,1702630102,3444422.0
HUNTR/X - Golden,1584833078,3057068.0
Bad Bunny - BAILE INoLVIDABLE,1385786338,2658598.0
Taylor Swift - The Fate of Ophelia,1215515144,3608570.0
Bad Bunny - NUEVAYoL,1147848692,2570488.0
W Sound - La Plena,1030057117,1271061.0
Bad Bunny - EoO,1008323465,2086241.0
Olivia Dean - Man I Need,936063466,3563517.0
Jin - Don’t Say You Love Me,900002408,1168371.0
Bad Bunny - VOY A LLeVARTE PA PR,899386447,1467704.0
sombr - undressed,849250979,1502321.0
Sabrina Carpenter - Manchild,825982427,2351244.0
Bad Bunny - VeLDÁ,822708712,1169260.0
JENNIE - like JENNIE,794354180,1308632.0
Tate McRae - Sports car,789404061,1061537.0
Lady Gaga - Abracadabra,756450709,709272.0
Dream Supplier - Clean Baby Sleep White Noise (Loopable no fade),751826605,3543215.0
KATSEYE - Gabriela,732628420,1797202.0
Saja Boys - Soda Pop,707264090,925528.0
Saja Boys - Your Idol,693521129,758566.0
RAYE - WHERE IS MY HUSBAND!,647338366,3150435.0
Disco Lines - No Broke Boys,647226505,1556471.0
Taylor Swift - Opalite,645289039,1874627.0
Olivia Dean - So Easy (To Fall In Love),641716916,3491867.0
Justin Bieber - DAISIES,634409962,1215521.0
Alemán - Te Quería Ver,631101825,537646.0
Bad Bunny - KLOuFRENS,597262728,933243.0
HUNTR/X - How It’s Done,597033448,751528.0
Tate McRae - Just Keep Watching (From F1® The Movie),587209650,1171605.0
WizTheMc - Show Me Love,583938766,711709.0
Fuerza Regida - Marlboro Rojo,583844607,1231028.0
Drake - NOKIA,582964413,595717.0
Carly Rae Jepsen - I Really Like You,581049780,154510.0
Fuerza Regida - TU SANCHO,569110689,1001666.0
The Smashing Pumpkins - Bullet With Butterfly Wings,564545391,269308.0
BLACKPINK - JUMP,562812622,958702.0
Neton Vega - Morena,558670697,593784.0
Beéle - no tiene sentido,557523531,1157344.0
HUNTR/X - What It Sounds Like,556638406,808065.0
sombr - 12 to 12,551132432,1930034.0
Doechii - Anxiety,536766642,436174.0
Bad Bunny - WELTiTA,512437471,616920.0
Benson Boone - Mystical Magical,499460711,845651.0
Tate McRae - Revolving door,485054909,638028.0
KATSEYE - Gnarly,481890628,904674.0
HUNTR/X - Takedown,477940838,647207.0
Fuerza Regida - Por Esos Ojos,461997575,514157.0
Rels B - TU VAS SIN (fav),440760168,975906.0
MOLIY - Shake It To The Max (FLY),426228454,447777.0
Xavi - En Privado,420729265,699091.0
Kehlani - Folded,420561302,1160193.0
Ed Sheeran - Azizam,416309570,449869.0
Ovy On The Drums - YO y TÚ,411954479,656306.0
Olivia Dean - Nice To Each Other,409643021,1227515.0
Sabrina Carpenter - Tears,408615564,855166.0
Young Cister - QLOO*,408282167,896729.0
Grupo Menos É Mais - P do Pecado,404635558,792196.0
Sabrina Carpenter - Busy Woman,401254919,570946.0
Jombriel - VITAMINA,400938298,433216.0
Tanishk Bagchi - Saiyaara,393246329,631472.0
Kushagra - Finding Her,389168717,774016.0
Dave - Raindance,387951953,3666527.0
Tito Double P - TATTOO,386485769,465550.0
Benson Boone - Sorry I'm Here For Someone Else,384435055,481796.0
Nadhif Basalamah - bergema sampai selamanya,384226458,1075888.0
Bad Bunny - PERFuMITO NUEVO,381843390,435380.0
Lil Tecca - Dark Thoughts,380344509,462175.0
Gabito Ballesteros - 7 DÍAS,379171556,252362.0
Diego & Victor Hugo - Tubarões,378889249,680793.0
Morgan Wallen - I'm The Problem,376717441,623795.0
Fuerza Regida - ANSIEDAD,371566505,841054.0
The Weeknd - Cry For Me,370442793,402487.0
Morgan Wallen - What I Want,369506771,533574.0
Omar Camacho - 2+2,361024154,1144084.0
SIENNA SPIRO - Die On This Hill,349799221,2380398.0
Alex Warren - Eternity,348583567,776010.0
"Tyler, The Creator - Sugar On My Tongue",348445718,567013.0
LISA - Born Again,347939325,301041.0
Clave Especial - COMO CAPO,345265564,511203.0
Sabrina Carpenter - When Did You Get Hot?,344661542,744846.0
DJ Japa NK - Posso Até Não Te Dar Flores,343054376,1028717.0
Neton Vega - M&M,340942206,250666.0
Ed Sheeran - Sapphire,340151812,424817.0
Tito Double P - POR SUS BESOS,333832980,978926.0
PinkPantheress - Stateside + Zara Larsson,331161529,4135032.0
Bad Bunny - CAFé CON RON,330536653,695875.0
Addison Rae - Fame is a Gun,329165447,1305754.0
PARTYNEXTDOOR - DIE TRYING,328484889,531679.0
Los Dareyes De La Sierra - Frecuencia,326290346,589280.0
Taylor Swift - Elizabeth Taylor,319647170,494748.0
Oscar Maydon - Amigos? No.,319136294,347380.0
Los Dareyes De La Sierra - Vita Fer,317650143,303680.0
GIMS - SPIDER,315420271,192195.0
Natanael Cano - Perlas Negras,314397847,557815.0
Beéle - si te pillara,312676244,391909.0
Justin Bieber - YUKON,311410032,824749.0
JENNIE - ExtraL,309639821,300532.0
Tyla - CHANEL,306016016,1032822.0
Morgan Wallen - Just In Case,305290687,320543.0
Calvin Harris - Blessings,304766300,671102.0
j-hope - Killin' It Girl,304471346,459458.0
"TWICE - TAKEDOWN (JEONGYEON, JIHYO, CHAEYOUNG) (from the Netflix film KPop Demon Hunters)",302139977,353805.0
Bad Bunny - TURiSTA,301319370,380229.0
Dj Caio Vieira - FAMOSINHA,300108397,428667.0
Morgan Wallen - I Got Better,300067857,911716.0
Soolking - Casanova,298703617,93645.0
Clave Especial - TU TU TU,295845821,245649.0
Chappell Roan - The Subway,294064285,400562.0
Taylor Swift - Father Figure,290810701,420850.0
Tame Impala - Dracula,290079212,1886159.0
Neton Vega - Chiquita,289817784,206727.0
Bad Bunny - KETU TeCRÉ,289292883,334375.0
Bad Bunny - BOKeTE,287819750,357373.0
"The Smashing Pumpkins - Tonight, Tonight",284760527,156728.0
Alex Warren - Bloodline,284001158,654161.0
KAROL G - Verano Rosa,283781594,520694.0
Playboi Carti - RATHER LIE,283010477,297729.0
The Revivalists - Wish I Knew You,282129566,145788.0
Tenxi - Garam & Madu (Sakit Dadaku),277405289,228624.0
EsDeeKid - Phantom,276294437,1010790.0
Nakama - DIA DELÍCIA,275384053,495666.0
Bad Bunny - LA MuDANZA,274198254,456307.0
Tate McRae - TIT FOR TAT,273836387,594422.0
Silet Open Up - TABOLA BALE,273729118,363832.0
ROSALÍA - La Perla,271234435,861351.0
Ariana Grande - twilight zone,270980365,316378.0
Matheus Fernandes - Balanço da Rede,270290293,34502.0
Beéle - top diesel,269095652,347195.0
Ferrugem - Apaguei pra todos,268870009,414145.0
Don Toliver - Lose My Mind,266164851,546336.0
WizTheMc - Show Me Love,265202598,466857.0
MXZI - MONTAGEM XONADA,265097816,669190.0
beabadoobee - Real Man,260149050,281847.0
Mrs. GREEN APPLE - ライラック,259864018,305266.0
j-hope - MONA LISA,258099797,306820.0
Blessd - YOGURCITO REMIX,257746004,773632.0
Taylor Swift - Wi$h Li$t,256741006,402188.0
Taylor Swift - The Life of a Showgirl,254567741,391116.0
Marília Mendonça - Presepada,251740828,46282.0
KAROL G - Coleccionando Heridas,250785440,514516.0
Neton Vega - Pvta Luna,250534280,1376691.0
Playboi Carti - EVIL J0RDAN,249222199,239166.0
Luis R Conriquez - Chula Vente,248884530,453400.0
Myke Towers - SOLEAO,248329479,464276.0
Yb Wasg'ood - LUNA BALA,247092512,353186.0
Sabrina Carpenter - Nobody’s Son,246742294,611523.0
EsDeeKid - 4 Raws,245913193,1047137.0
Esau Ortiz - Triple Lavada,245618875,267938.0
"Mohammed Irfan - Phir Mohabbat (From ""Murder 2"")",243015110,258738.0
Daniel Caesar - Who Knows,240245817,1407317.0
Faithless - Insomnia (Monster Mix),239781444,121611.0
Fuerza Regida - CHAVALITAS,239498314,758871.0
KAROL G - LATINA FOREVA,239086193,342558.0
Sydney Rose - We Hug Now,238984712,370441.0
Olivia Dean - A Couple Minutes,236858926,1042654.0
Idgitaf - Sedia Aku Sebelum Hujan,236752498,1257256.0
Beéle - quédate,235929266,458437.0
Yan Block - 111,234683041,369787.0
Ella Langley - Choosin' Texas,232109297,2084239.0
David Guetta - Beautiful People,230968308,283059.0
Tate McRae - Siren sounds (bonus),230049012,652556.0
Shaboozey - Good News,229514850,263299.0
Talwiinder - Haseen,229362849,504646.0
El Bogueto - Cuando No Era Cantante,228824860,1504864.0
Taylor Swift - Wood,227573966,307925.0
KATSEYE - Gameboy,227545356,710624.0
Kenshi Yonezu - IRIS OUT,226380483,647474.0
Beéle - sobelove,226024147,151745.0
Karan Aujla - For A Reason,224732400,723298.0
Taylor Swift - Actually Romantic,224299884,310875.0
LE SSERAFIM - SPAGHETTI,224118351,654241.0
Anuv Jain - Afsos,223876335,333838.0
Matheus & Kauan - Ilusão De Ótica,222965297,436007.0
Neton Vega - Mi Vida Mi Muerte,220630212,263197.0
For Revenge - Penyangkalan,219146496,286211.0
Easykid - Shiny,219011245,356039.0
JENNIE - Love Hangover,218626012,204940.0
Taylor Swift - CANCELLED!,217354656,295550.0
Selena Gomez - Ojos Tristes,216992068,272180.0
"ROLE MODEL - Sally, When The Wine Runs Out",216954731,466719.0
The Smashing Pumpkins - Zero,215512942,73417.0
BigXthaPlug - All The Way,213494810,343231.0
Beéle - morena (Bonus Track),212473397,105917.0
PinkPantheress - Illegal,211940574,523309.0
Gigi Perez - Fable,211122168,277735.0
"Camille Saint-Saëns - The Carnival of the Animals, R. 125: XIII. The Swan (Arr. for Cello and Piano)",210751857,128797.0
Fred again.. - Victory Lap,210715717,441229.0
GIMS - NINAO,210402436,231557.0
Liberación - Ese Loco Soy Yo,210238113,150771.0
Rafa e Junior - Ama Um Maloqueiro,210185132,351935.0
Scythermane - NUNCA MUDA?,209638335,184829.0
Jessie Murph - Blue Strips,208339154,247362.0
Taylor Swift - Ruin The Friendship,208133945,333150.0
MXZI - MONTAGEM TOMADA,206918522,231387.0
Bronco - Oro,206208000,137323.0
Vitinho Imperador - Eu Me Apaixonei,205825413,537817.0
Repsaj - MONTAGEM BAILÃO,205550514,244295.0
Piso 21 - Volver,204925686,165134.0
JVKE - her,204555392,541951.0
Tate McRae - Dear god,203235276,302036.0
Zara Larsson - Midnight Sun,203210044,1323824.0
Marino - Devil in Disguise,203186283,389166.0
Max McNown - Better Me For You (Brown Eyes),202491835,406799.0
Herencia De Grandes - Ya Borracho,201958234,1343868.0
Bronco - Nunca Voy A Olvidarte,201782153,77100.0
Taylor Swift - Eldest Daughter,200832421,264643.0
Peso Pluma - dopamina,199165215,1650202.0
"Mohit Chauhan - Tujhe Bhula Diya (From ""Anjaana Anjaani"")",198989419,147593.0
Nakama - MENTE MÁ,198735823,437788.0
Sabrina Carpenter - House Tour,198643940,438130.0
Gunna - wgft,198625579,896331.0
Tkandz - NOW OR NEVER,198143826,702713.0
Miguel Bueno - Solcito,196226499,226307.0
Sayfalse - LOS VOLTAJE,196163223,310184.0
JENNIE - Handlebars,194755800,171907.0
Laufey - Lover Girl,194663768,618450.0
Fuerza Regida - caperuza,194454419,733051.0
PEDRO SAMPAIO - SEQUÊNCIA FEITICEIRA,194317176,579451.0
Naykilla - Kasih Aba Aba,193729213,287659.0
Olivia Dean - Let Alone The One You Love,192950014,626360.0
Bad Bunny - LO QUE LE PASÓ A HAWAii,192613239,352874.0
Grupo Menos É Mais - Pela Última Vez,191920904,635027.0
Lauana Prado - Saudade Burra,191057020,234957.0
Victor Mendivil - Ráfagas al Viento,190878755,250961.0
Carly Rae Jepsen - Run Away With Me,190739689,38210.0
KAROL G - Milagros,190520643,278857.0
Henrique & Juliano - Saudade De Quem Eu Sou,189339680,468020.0
Gloria Groove - Nosso Primeiro Beijo,189091295,155889.0
Madison Beer - bittersweet,188855796,506204.0
Olivia Dean - Baby Steps,188638018,758226.0
Mora - AURORA,188416225,254452.0
Sam Feldt - Crying On The Dancefloor,188313271,35978.0
Natanael Cano - Blancanieves,187460028,347117.0
MC GP - ME POSTOU NO DAILY,187432153,690803.0
Marco Antonio Solís - Será Mejor Que Te Vayas,187106525,121330.0
PARTYNEXTDOOR - SOMEBODY LOVES ME,187008475,318318.0
Shubh - Supreme,185694761,182749.0
SYML - I Wanted to Leave,185533081,109638.0
De La Rose - NUBES,185345636,379559.0
Jere Klein - TODO KE VER,185292927,382399.0
Shankar-Ehsaan-Loy - O Rangrez,184965705,201745.0
Danny Ocean - Priti,183651936,210119.0
Cris MJ - Vamo a Bailotear,183617407,189183.0
Abraham Mateo - Quiero Decirte,183458060,237816.0
oskar med k - Make Me Feel,183129439,377372.0
Felipe Amorim - Eu Vou na Sua Casa,182545987,191245.0
Intocable - Enséñame A Olvidarte,182187396,135751.0
Lizzy McAlpine - Spring Into Summer,181955738,389507.0
Milo j - 3 PECADOS DESPUES…,181820491,239134.0
Taylor Swift - Honey,181208215,267502.0
Lady Gaga - The Dead Dance,180944500,284102.0
Drake - Which One,180797090,322737.0
Yeat - COMË N GO,179870895,513564.0
bbno$ - two,178841077,272920.0
Sam Fender - Rein Me In,178525276,1787231.0
Damiano David - The First Time,178105312,473870.0
HUGEL - Forever,178057616,179761.0
Blessd - AMISTA,177279101,305630.0
ZXKAI - NO BATIDÃO,177105842,676140.0
GIVĒON - TWENTIES,176746358,247434.0
sombr - we never dated,176149564,440007.0
sma$her - ACELERADA,176078349,312323.0
Kevin Murphy - Candy Store,176070974,93977.0
Armin van Buuren - On & On,175766223,52966.0
Nadhif Basalamah - kota ini tak sama tanpamu,174937523,1560836.0
Kew - Descer,174222462,178853.0
Julión Álvarez y su Norteño Banda - Cero Empatía,174017712,237838.0
Ben E. King - Save the Last Dance for Me,173535921,41303.0
JISOO - earthquake,172681630,184695.0
"The Rish - Barbaad (From ""Saiyaara"")",172583424,316960.0
Luis R Conriquez - De Fresa y Coco,172513555,74266.0
Pierce The Veil - So Far So Fake,172278726,358977.0
Tenxi - mejikuhibiniu,171885562,292021.0
Luis R Conriquez - Bandida,171666064,113251.0
"Mohit Chauhan - Tum Ho (From ""Rockstar"")",171498763,143978.0
Ryan Castro - LA VILLA,171229123,1291186.0
Ian Cordova - Linda Mujer,171189267,244020.0
Vishal Mishra - Tum Ho Toh,171087521,524531.0
Jorge & Mateus - Os Anjos Cantam,170286308,204319.0
j-hope - Sweet Dreams,169919214,167089.0
Central Cee - GBP,169885046,124417.0
Max Richter - On the Nature of Daylight,169515529,113213.0
Thalia - No Me Enseñaste,169379440,86969.0
Cazzu - Con Otra,169351134,231593.0
ROSÉ - Messy (From F1® The Movie),169296486,246662.0
Teddy Swims - Hammer to the Heart,169216162,112659.0
Travis Scott - 4X4,168582685,124119.0
Playboi Carti - TOXIC,168243744,290536.0
Sabrina Carpenter - 15 Minutes,167777793,187817.0
Tate McRae - I know love,167671452,110328.0
Nessa Barrett - P*RNSTAR,167481882,154214.0
JENNIE - Seoul City,167364870,339547.0
Lainey Wilson - 4x4xU,166371923,283222.0
2WEI - Survivor,165939567,58392.0
Young Miko - WASSUP,165746521,268952.0
EsDeeKid - LV Sandals,165453949,590882.0
Anuv Jain - Arz Kiya Hai | Coke Studio Bharat,165208112,721662.0
Tate McRae - Miss possessive,165071395,193476.0
Lil Uzi Vert - What You Saying,165034786,1145840.0
Peso Pluma - daño,164515966,1680693.0
Morgan Wallen - 20 Cigarettes,164315676,395263.0
Drake - What Did I Miss?,164234299,322462.0
GIMS - CIEL,164023839,136238.0
LE SSERAFIM - HOT,163640214,204013.0
"Claude Debussy - Suite bergamasque, L. 75: III. Clair de lune",162746968,50690.0
Toton Caribo - Ngapain Repot,162482431,307429.0
Israel & Rodolffo - Arruma Um Bão,162145938,92055.0
Nicky Jam - Hiekka,161830383,158261.0
Zartmann - tau mich auf,161822766,174185.0
Os Paralamas Do Sucesso - Lanterna Dos Afogados,161664164,85708.0
Morgan Wallen - I Ain't Comin' Back,161352837,165083.0
BLOK3 - git,161103208,248582.0
The Weeknd - The Abyss,161053233,216702.0
Jorge & Mateus - O Que É Que Tem,161037353,102870.0
"Bizarrap - Daddy Yankee: Bzrp Music Sessions, Vol. 0/66",160535281,401371.0
Los Auténticos Decadentes - La Guitarra (Remasterizado 2025),160495483,62725.0
Sleep Token - Caramel,160307488,193514.0
The Living Tombstone - I Got No Time,159765746,65007.0
Olivia Dean - I've Seen It,159747764,617775.0
Chappell Roan - The Giver,159149735,88720.0
BLOK3 - Keşke,158872491,209426.0
Maná - Te Lloré Un Río,158647085,91807.0
Marcos Villalobos - La Pantera,158404338,194754.0
Reba McEntire - Fancy,158270300,69541.0
Olivia Dean - Lady Lady,158147922,460247.0
Murilo Huff - Deixa Eu,158097725,814428.0
Le John - Naiilang,157784672,352944.0
Lady Gaga - Garden Of Eden,157629308,174223.0
TWICE - THIS IS FOR,157612885,331417.0
Doja Cat - Jealous Type,157028516,231897.0
Mithoon - Dhun,156882958,391967.0
Disney - Zoo,156875040,1247589.0
Thomas Rhett - Somethin' 'Bout A Woman,156219670,163727.0
Kidd Voodoo - Me Mareo,155920135,313005.0
Lorde - What Was That,155700456,111792.0
John Mellencamp - Small Town,154591930,44038.0
Sufjan Stevens - Should Have Known Better,154520075,36946.0
Grupo Menos É Mais - Aquele Lugar,153857686,364117.0
KAROL G - Ivonny Bonita,153686306,262112.0
Clayton & Romário - Opa cadê eu,153293562,119817.0
cape - MONTAGEM RUGADA,153142383,488458.0
Kybba - Ba Ba Bad Remix,153080471,331183.0
Lizzy McAlpine - Pushing It Down and Praying,153018660,385905.0
Jmilton - Vem Vem,152935401,241818.0
Ely Oaks - Running Around,152714685,207770.0
Connie Francis - Pretty Little Baby,152455451,149428.0
Mora - DETRÁS DE TU ALMA,152401112,217443.0
Dadju - I love you,152257837,79278.0
Sabrina Carpenter - My Man on Willpower,152187572,288871.0
Jorge & Mateus - Nocaute,151943142,161479.0
Zé Neto & Cristiano - Escondendo o Ouro,151928889,253211.0
Peso Pluma - 7-3,151912427,1352783.0
Conjunto Primavera - Ave Cautiva,151909254,95150.0
Omar Camacho - La Ciudad del Sol,151800506,547389.0
Simone Mendes - Me Ama Ou Me Larga,151517253,115320.0
Faris Adam - Stecu Stecu,151293286,111575.0
Bronco - Si Te Vuelves A Enamorar,150947288,81278.0
CORTIS - GO!,150940084,473657.0
Intocable - Sueña,150725509,103824.0
Simone Mendes - Saudade Proibida,150599475,222666.0
BLOK3 - napıyosun mesela ?,150404011,286092.0
Emilia - blackout 🧊,150330418,189871.0
Linkin Park - Up From the Bottom,150268506,221622.0
Ferrugem - Me bloqueia,149842739,229277.0
Warren Zeiders - Relapse,149648083,108673.0
Victor Mendivil - King of Watches,149474428,323063.0
Lindsey Stirling - Carol Of The Bells,149375560,57259.0
Panda - Eu Te Seguro,148925135,893643.0
Tito Double P - CORAZÓN PARTÍO,148862986,224599.0
Neil Diamond - Cracklin' Rosie,148860507,58461.0
AP Dhillon - Thodi Si Daaru,148468163,402225.0
Forrest Frank - YOUR WAY'S BETTER,148346790,269443.0
ZXKAI - NO BATIDÃO,148167096,859698.0
Sleep Token - Emergence,147997969,151307.0
EsDeeKid - Century,147960377,733219.0
Earl Agustin - Dalangin,147882458,179100.0
Katteyes - PONTE LOKITA,147588192,78309.0
"Anirudh Ravichander - Thenmozhi (From ""Thiruchitrambalam"")",147483088,17485.0
"Anirudh Ravichander - Megham Karukatha (From ""Thiruchitrambalam"")",146906496,32963.0
Stray Kids - Come Play (from the series Arcane League of Legends),146714222,79796.0
JISOO - EYES CLOSED,146367283,328276.0
Lizzy McAlpine - Staying,146347904,452589.0
Sufjan Stevens - The Only Thing,146255444,18664.0
"Shashwat Sachdev - Gehra Hua (From ""Dhurandhar"")",146021595,1413046.0
MK - Dior,145749878,257620.0
Tate McRae - Purple lace bra,145561702,140171.0
KAROL G - Papasito,145386562,171473.0
Neton Vega - Me Ha Costado,144616346,140495.0
For Revenge - Sadrah,144097731,242150.0
Jeff Buckley - Everybody Here Wants You,144096460,312838.0
Sabrina Carpenter - Go Go Juice,143047422,259198.0
Jombriel - Parte & Choke,142576805,157661.0
Luther Vandross - Endless Love,142243568,51717.0
MXZI - MONTAGEM TOMADA,141766273,129949.0
MikkyZia - Aku Dah Lupa,141746018,124156.0
Teddy Swims - Are You Even Real,141635780,122473.0
ILLIT - NOT CUTE ANYMORE,141471166,607101.0
ROSALÍA - Berghain,141389061,314345.0
Leon Thomas - MUTT,141243124,206321.0
Lola Young - One Thing,141236791,133929.0
Liberación - Enamorado De Un Fantasma,141220631,104863.0
RnBoi - MON BÉBÉ,141048151,747371.0
Era7capone - SONBAHAR,140998283,124262.0
Tito Double P - CHAMPAGNE,140763109,143077.0
Neton Vega - 3,140738516,309451.0
Juan Reza - PICA PICA,140501695,138132.0
GIMS - PARISIENNE,140433276,321554.0
Alan Arrieta - Ay Mamita,140213347,192793.0
Jorge & Mateus - Seu Astral,140157031,135242.0
Ely Oaks - Borderline,140149093,274818.0
Jagwar Twin - bad feeling (oompa loompa),140093742,73365.0
Black Eyed Peas - Don't Lie,139900578,56919.0
Cardi B - Bongos,139834633,48744.0
GELO - Tweaker,139537696,66304.0
Lady Gaga - How Bad Do U Want Me,139489209,135791.0
disiz - melodrama,139114911,554481.0
Miley Cyrus - End of the World,139020307,146825.0
CORTIS - FaSHioN,138807522,480717.0
Milo j - Niño,138688554,703624.0
BLOK3 - KUSURA BAKMA,138581914,514818.0
WizTheMc - Take My Mind,138318903,343940.0
Don Toliver - Tiramisu,138259132,618891.0
Ren Ran - 飞鸟和蝉,138223768,39422.0
Bailey Zimmerman - Backup Plan,138195938,401858.0
Karan Aujla - Boyfriend,137285839,715942.0
"Mohit Chauhan - Phir Se Ud Chala (From ""Rockstar"")",137215763,67097.0
Ziva Magnolya - Cukup,137144746,70470.0
Mora - DROGA,137125537,170989.0
Tiara Andini - Kupu,136664916,34570.0
Olly - Balorda nostalgia,136362679,198866.0
Jimmy Guzman - 3 AM,136318211,378634.0
Trinix - Vaitimbora,135776384,373040.0
Virlan Garcia - Mi Entorno,135553384,782476.0
Julión Álvarez y su Norteño Banda - Vibra Perfecta,135412597,99662.0
bbno$ - 1-800,135315680,318349.0
"Harris Jayaraj - Vaarayo Vaarayo (From ""Aadhavan"")",134810533,160490.0
Dominic Fike - White Keys,134676195,2405736.0
"Tulsi Kumar - Mere Rashke Qamar (From ""Baadshaho"")",134548485,96568.0
The Weeknd - Baptized In Fear,134274217,106719.0
PEDRO SAMPAIO - JETSKI,134264162,1010301.0
Murilo Huff - Veneno,134140568,124294.0
Kevin Murphy - Meant to Be Yours,134106644,77365.0
TAEYEON - INVU,133904841,26217.0
Selena Gomez - Call Me When You Break Up,133875677,79026.0
KHAOS - Montagem Supersonic,133867814,490048.0
Oscar Maydon - Asquerosamente Rico,133719357,164871.0
Os Paralamas Do Sucesso - Meu Erro,133543106,68373.0
BLOND:ISH - Never Walk Alone,133461405,209413.0
Sabrina Carpenter - Goodbye,133272213,226045.0
Zerb - Location,133199586,136828.0
Armin van Buuren - In And Out Of Love,132674827,115558.0
Glasperlenspiel - Geiles Leben,132519288,27371.0
Lindsey Stirling - Shatter Me,132426593,37708.0
Maná - Eres Mi Religión,132384907,73401.0
BigXthaPlug - Hell At Night,132283384,582411.0
Pancho Barraza - Pero La Recuerdo (Cumbia Santa María),131834445,61657.0
Victor Mendivil - Jacobo Grinberg,131698494,175354.0
Neton Vega - El Plumas,131430915,56160.0
Lil Tecca - OWA OWA,131205556,136668.0
Sai Abhyankkar - Oorum Blood,130935381,373978.0
Yuvan Shankar Raja - Thuli Thuli,130864105,123188.0
Çağla - Seni Düşündüm,130792960,234052.0
The Weeknd - Open Hearts,130776861,125062.0
Sabrina Carpenter - Sugar Talking,130511772,222394.0
VEN1 - Hakayet,129953693,86519.0
Neil Diamond - Forever In Blue Jeans,129776973,59558.0
Hamza - KYKY2BONDY,129674388,145555.0
Gunna - him all along,129525682,137950.0
Sachet-Parampara - Humsafar,129439910,352854.0
Reba McEntire - The Night The Lights Went Out In Georgia,129056285,68023.0
Rony Parulian - Mengapa,128962453,118504.0
Avicii - Fade Into Darkness,128604526,37951.0
Victor Mendivil - PLAK,128284849,278590.0
"Anirudh Ravichander - Manasilaayo (From ""Vettaiyan"")",127933764,70978.0
The Living Tombstone - I Can't Fix You,127891882,101341.0
mrld - Ikaw Pa Rin,127625271,37505.0
Lady Gaga - Vanish Into You,127569967,120249.0
Fuerza Regida - ayy weyy,127528126,225400.0
Rich Homie Quan - Type of Way,127481466,30198.0
Anitta - Sei Que Tu Me Odeia,127131271,81387.0
Traia Véia - Wi-Fi,127065806,47724.0
Ty Myers - Thought It Was Love,126889025,289016.0
Matheus Fernandes - Altas Loucurinhas (Uni Duni Tê),126394944,11635.0
Romeo Santos - Dardos,125955168,886420.0
Neton Vega - Gula,125795776,236047.0
SIENNA SPIRO - You Stole The Show,125495240,677186.0
NAPA - Deslocado,125406111,172031.0
Natalie Cole - Miss You Like Crazy,125191045,40606.0
j-hope - Killin' It Girl (Solo Version),124857639,292477.0
"Harris Jayaraj - Nenjukkul Peidhidum (From ""Vaaranam Aayiram"")",124139725,89778.0
ILLIT - 借りてきた猫 (Do the Dance),123979621,293683.0
Mari Fernandez - Página De Ex,123930833,82907.0
Conjunto Primavera - Te Lloré,123718376,107109.0
Joji - PIXELATED KISSES,123648673,216503.0
Boyzone - Picture Of You,123619900,36232.0
Sufjan Stevens - Death with Dignity,123569383,34152.0
Grupo Menos É Mais - Matadinha De Saudade,123408449,96166.0
Dario Marianelli - Dawn,122981459,54719.0
KAJ - Bara Bada Bastu,122766895,86651.0
DJ Biel Divulga - Tipo Nino Vs Kabrinha,122570482,118638.0
bbno$ - check,122438279,118962.0
BABYMETAL - RATATATA,122111581,111820.0
LBI利比 - Jumping Machine (跳楼机),121933907,148124.0
Mariah the Scientist - Burning Blue,121670779,203912.0
"Tyler, The Creator - Ring Ring Ring",121504712,261169.0
Noizy - Follow You,121489722,111398.0
Alex Warren - On My Mind,120901795,180438.0
Wolfgang Amadeus Mozart - Sequence: VI. Lacrimosa dies illa,120784511,68114.0
8Uno - Pelotero A La Bola,120437485,191740.0
Juan Luis Guerra 4.40 - Vale la Pena,120269412,69960.0
R2 - RUINART,120148830,359306.0
Mumuzinho - Eu Mereço Ser Feliz,119911492,69399.0
"Léo Santana - Desliza (""Ólhinho"" No Corpinho)",119433623,276831.0
Sir Mix-A-Lot - Nasty Dog,119265295,111697.0
Bresh - Guasto D'Amore,119180287,44751.0
Harris Jayaraj - Ava Enna,119066080,94364.0
HONNE - no song without you,119025115,22766.0
Kenny Die - Ultra Complicado,119009485,141404.0
Victor Mendivil - Orula,118951901,373282.0
LOS DOS DE TAMAULIPAS - Arriba la Compañía,118733533,319482.0
Cameron Whitcomb - Quitter,118517571,122442.0
Lola Indigo - 1000COSAS,117801876,32206.0
Norm Ender - Bir Çift Göz,117749099,260544.0
Ian Cordova - Te Amo y Me Amas,117457569,472643.0
Xavi - No Capea,117347116,339482.0
Central Cee - CRG,117305007,150349.0
Danny Ocean - Vitamina,117137694,133045.0
Banda El Recodo - Seis Pies Abajo,117056770,156143.0
Fuerza Regida - CHAKA,117050254,259190.0
The Living Tombstone - Die In a Fire,117032131,68681.0
Rombongan Bodonk Koplo - Calon Mantu Idaman,116962265,158953.0
Kevin Murphy - Dead Girl Walking,116931683,79553.0
Marta Sánchez - Desesperada,116841129,43359.0
Tate McRae - bloodonmyhands,116668220,112460.0
Héctor Lavoe - Periódico de Ayer,116426923,87263.0
Thomas Rhett - After All The Bars Are Closed,116274323,207115.0
TRIANGLE DES BERMUDES - Charger,116132313,213015.0
Intocable - Perdedor,116000778,100038.0
Clave Especial - TU COQUETTE,115950996,107310.0
Shirin David - bauch beine po,115712513,55275.0
Franz Ferdinand - Do You Want To,115593738,29311.0
Standly - Chaparrita,115541223,160479.0
Dave Matthews Band - Ants Marching,115535491,38436.0
Caloncho - Palmar,115470239,23894.0
Victor Mendivil - Me Paseo,115409170,317961.0
Jordan Davis - I Ain't Sayin',114894436,148997.0
Darius Rucker - Beers And Sunshine,114797482,31100.0
Sir Mix-A-Lot - Ride,114767435,85872.0
Slimane - Mon amour,114702531,43517.0
Beéle - i miss you,114441937,81036.0
Utopia - Antara Ada dan Tiada,114253193,124243.0
Maná - Mariposa Traicionera,113808398,62686.0
TOMORROW X TOGETHER - Beautiful Strangers,113645519,98710.0
Conjunto Primavera - Ese,113453451,121778.0
Neil Diamond - I Am...I Said,113343300,57026.0
Peso Pluma - intro,113293587,502495.0
Myles Smith - Wait For You,113280951,127407.0
Damiano David - Next Summer,113263735,113351.0
Harris Jayaraj - Mundhinam,113242252,113440.0
mgk - love race,113123935,18285.0
Brantley Gilbert - Kick It In The Sticks,113091810,31198.0
Central Cee - Gen Z Luv,113060735,80745.0
Falco - Der Kommissar,112922982,34021.0
Stray Kids - CEREMONY,112880808,221124.0
Wings - Silly Love Songs,112795537,47712.0
Ariana Grande - dandelion,112780465,114847.0
Lavern - Sunshine,112626180,36549.0
Morgan Wallen - I'm A Little Crazy,112550554,132472.0
Jim Efforts - Noise Rest,112538670,231774.0
Mahalini - Sampai Menutup Mata,112503811,62818.0
"Anirudh Ravichander - Mayakkama Kalakkama (From ""Thiruchitrambalam"")",112242137,13164.0
Pancho Barraza - Ignoraste Mis Lágrimas,112045503,64108.0
Odetari - HEAVY LOVE,112003385,167458.0
Luísa Sonza - MAMA.CITA (hasta la vista),111758515,15380.0
Louis The Child - It's Strange,111675904,8980.0
Rizky Febian - Alamak,111633657,268887.0
Bella Kay - The Sick,111625316,688818.0
Davido - With You,111525904,161817.0
Clave Especial - LA NETA,111316681,160849.0
"Thalia - No, No, No",111315298,56146.0
Chino Pacas - OJITOS MENTIROSOS,111273044,155088.0
Banda Los Recoditos - Perfecta,110608433,21037.0
Banda Machos - Me llamo Raquel,110302002,49398.0
Jordan Adetunji - KEHLANI (REMIX) [feat. Kehlani],110203921,105959.0
Luísa Sonza - CACHORRINHAS,110143631,15111.0
Rod Stewart - Have You Ever Seen The Rain,110118609,38722.0
Jason Aldean - Try That In A Small Town,109842585,49053.0
mgk - cliché,109760748,174972.0
Mc Negão Original - Vou pela Madrugada,109402600,380900.0
Playboi Carti - GOOD CREDIT,109356078,75108.0
Victor & Leo - Borboletas,109167043,102496.0
Yuvan Shankar Raja - En Kadhal Solla,109074214,115191.0
Lomiiel - PA QUE LO BAILES (BAILALO ROCKY),108808748,130237.0
Sabrina Carpenter - Never Getting Laid,108796593,215145.0
Kenshi Yonezu - JANE DOE,108593413,304322.0
"Bronco - Total, ¿Qué Más Da?",108519650,81403.0
Oscar Maydon - ZAZA,108514683,129230.0
EsDeeKid - Cali Man,108329489,439386.0
Rony Parulian - Angin Rindu,108176407,55505.0
Justin Bieber - GO BABY,108169674,107398.0
Tanishk Bagchi - Saiyaara Reprise,108011640,178081.0
Standly - Baila para Mi,107960188,72271.0
Nono La Grinta - Paris,107670370,226150.0
Clayton & Romário - Se Eu Te Perdoar,107422777,252078.0
Emilia - bunda 🍑,107415736,94481.0
Mc Jacaré - Senta e Cala a Boca,107361217,136489.0
Danny Ocean - Corazón,107347049,388377.0
Felipe e Rodrigo - Caos de Alguém (Ao Vivo),107281418,282467.0
"Claude Debussy - Rêverie, L. 68: Rêverie",107121321,30737.0
Banda Pequeños Musical - La nena,106924857,77952.0
Curtis Mayfield - Pusherman,106920807,33863.0
Thomas Rhett - Beautiful As You,106556206,86101.0
Fetty Wap - Wake Up,106334783,8411.0
"Mohit Chauhan - Matargashti (From ""Tamasha"")",106196299,89043.0
Kapo - ILY,105987621,137298.0
Lithe - Cannonball,105939329,353463.0
Pierce The Veil - Pass The Nirvana,105671949,57610.0
DJ Japa NK - Amo Minha Favela,105633076,826603.0
PARTYNEXTDOOR - SOMETHING ABOUT YOU,105617612,145678.0
Zé Neto & Cristiano - Resumindo,105617172,168368.0
Morgan Wallen - Superman,105589055,114922.0
Esau Ortiz - Triple Lavada,105237954,186303.0
Connie Francis - Stupid Cupid,105201634,34206.0
Kapo - DÓNDE,105140683,298525.0
Scorpions - Always Somewhere,105033480,181820.0
Sebastian Yatra - Una Noche Sin Pensar,105006227,13292.0
Jorge & Mateus - Enquanto Houver Razões,104921564,132482.0
Hearts2Hearts - The Chase,104693332,217119.0
Sylvester - You Make Me Feel (Mighty Real),104565577,43826.0
Madhur Sharma - Kali Kali Zulfon Ke,104536716,38090.0
Morgan Wallen - TN,104308371,179435.0
mikeeysmind - Papaoutai,103487230,871557.0
Drake - GIMME A HUG,103377117,84179.0
Fuerza Regida - peliculiando,103261415,157903.0
Milo j - OLIMPO,103194052,267645.0
EsDeeKid - Rottweiler,103149551,387317.0
Los Acosta - Tonto corazón,103049780,69641.0
Françoise Hardy - Le temps de l'amour,102927479,37192.0
Lindsey Stirling - Roundtable Rival,102800941,32283.0
LISA - FXCK UP THE WORLD,102679710,83559.0
Sam Fender - People Watching,102639609,163307.0
Tobal Mj - Tiene,102518507,139799.0
Juice WRLD - Face 2 Face,102274122,28305.0
Jim Efforts - Calmed By Rest,101945055,123376.0
Ty Myers - Ends of the Earth,101852380,118573.0
Diego & Arnaldo - Vai Cair Água,101644013,
Jonas Blue - Edge of Desire,101594117,559765.0
Hans Zimmer - Chevaliers De Sangreal,101509191,45014.0
Sebastian Yatra - Energía Bacana,101482158,27330.0
HONNE - Someone That Loves You,101148066,13667.0
"Yusuf / Cat Stevens - If You Want To Sing Out, Sing Out",101138050,18006.0
Banda Machos - La culebra,100979936,61865.0
Peso Pluma - ni pedo,100957592,754179.0
Lola Indigo - LA REINA,100777242,35987.0
Summer Walker - Heart Of A Woman,100694719,101552.0
"Anirudh Ravichander - Monica (From ""Coolie"")",100606594,200828.0
Sabrina Carpenter - We Almost Broke Up Again Last Night,100389514,167127.0
Felipe Araújo - Body Splash,100216611,55908.0
Ty Myers - Drinkin' Alone,100214196,
Playboi Carti - CRUSH,100165852,62071.0
